Title,Price
Scott Pilgrim&#39;s Precious Little Life (Scott Pilgrim #1),Â£52.29
Tsubasa: WoRLD CHRoNiCLE 2 (Tsubasa WoRLD CHRoNiCLE #2),Â£16.28
This One Summer,Â£19.49
The Nameless City (The Nameless City #1),Â£38.16
"Saga, Volume 5 (Saga (Collected Editions) #5)",Â£51.04
"Rat Queens, Vol. 3: Demons (Rat Queens (Collected Editions) #11-15)",Â£50.40
"Princess Jellyfish 2-in-1 Omnibus, Vol. 01 (Princess Jellyfish 2-in-1 Omnibus #1)",Â£13.61
"Pop Gun War, Volume 1: Gift",Â£18.97
Patience,Â£10.16
"Outcast, Vol. 1: A Darkness Surrounds Him (Outcast #1)",Â£15.44
orange: The Complete Collection 1 (orange: The Complete Collection #1),Â£48.41
"Lumberjanes, Vol. 2: Friendship to the Max (Lumberjanes #5-8)",Â£46.91
"Lumberjanes, Vol. 1: Beware the Kitten Holy (Lumberjanes #1-4)",Â£45.61
Lumberjanes Vol. 3: A Terrible Plan (Lumberjanes #9-12),Â£19.92
"I Hate Fairyland, Vol. 1: Madly Ever After (I Hate Fairyland (Compilations) #1-5)",Â£29.17
I am a Hero Omnibus Volume 1,Â£54.63
"Giant Days, Vol. 2 (Giant Days #5-8)",Â£22.11
Danganronpa Volume 1,Â£51.99
"Codename Baboushka, Volume 1: The Conclave of Death",Â£36.72
Camp Midnight,Â£17.08
